Region,LGA
BARWON SW,CORANGAMITE
BARWON SW,GLENELG
BARWON SW,MOYNE
BARWON SW,SOUTHERN GRAMPIANS
BARWON SW,WARRNAMBOOL
BARWON SW,COLAC OTWAY
BARWON SW,SURF COAST
BARWON SW,GREATER GEELONG
BARWON SW,QUEENSCLIFFE
GRAMPIANS,ARARAT
GRAMPIANS,BALLARAT
GRAMPIANS,GOLDEN PLAINS
GRAMPIANS,HEPBURN
GRAMPIANS,HINDMARSH
GRAMPIANS,HORSHAM
GRAMPIANS,MOORABOOL
GRAMPIANS,NORTHERN GRAMPIANS
GRAMPIANS,PYRENEES
GRAMPIANS,WEST WIMMERA
GRAMPIANS,YARRIAMBIACK
LODDON MALLE,BULOKE
LODDON MALLE,CAMPASPE
LODDON MALLE,GANNAWARRA
LODDON MALLE,MILDURA
LODDON MALLE,CENTRAL GOLDFIELDS
LODDON MALLE,GREATER BENDIGO
LODDON MALLE,LODDON
LODDON MALLE,MACEDON RANGES
LODDON MALLE,MOUNT ALEXANDER
LODDON MALLE,SWAN HILL
HUME,BENALLA
HUME,INDIGO
HUME,MANSFIELD
HUME,TOWONG
HUME,WANGARATTA
HUME,WODONGA
HUME,GREATER SHEPPARTON
HUME,MITCHELL
HUME,MOIRA
HUME,MURRINDINDI
HUME,STRATHBOGIE
GIPPSLAND,EAST GIPPSLAND
GIPPSLAND,WELLINGTON
GIPPSLAND,LATROBE
GIPPSLAND,MOUNT BAW BAW ALPINE RESORT
GIPPSLAND,BAW BAW
GIPPSLAND,SOUTH GIPPSLAND
GIPPSLAND,BASS COAST
GIPPSLAND,FRENCH-ELIZABETH-SANDSTONE ISLANDS
SOUTH EASTERN METRO,CARDINIA
SOUTH EASTERN METRO,CASEY
SOUTH EASTERN METRO,FRANKSTON
SOUTH EASTERN METRO,GREATER DANDENONG
SOUTH EASTERN METRO,KINGSTON
SOUTH EASTERN METRO,MORNINGTON PENINSULA
SOUTH EASTERN METRO,GLEN EIRA
SOUTH EASTERN METRO,BAYSIDE
SOUTH EASTERN METRO,STONNINGTON
SOUTH EASTERN METRO,PORT PHILLIP
EASTERN METRO,BOROONDARA
EASTERN METRO,KNOX
EASTERN METRO,MANNINGHAM
EASTERN METRO,MAROONDAH
EASTERN METRO,MONASH
EASTERN METRO,WHITEHORSE
EASTERN METRO,YARRA RANGES
N AND W METRO,YARRA
N AND W METRO,MELBOURNE
N AND W METRO,BANYULE
N AND W METRO,NILLUMBIK
N AND W METRO,WHITTLESEA
N AND W METRO,HUME
N AND W METRO,DAREBIN
N AND W METRO,MORELAND
N AND W METRO,MOONE VALLEY
N AND W METRO,MARIBYRNONG
N AND W METRO,HOBSONS BAY
N AND W METRO,WYNDHAM
N AND W METRO,MELTON
N AND W METRO,BRIMBANK
N AND W METRO,MERRI-BEK
